dataset,domain,meta_forests_accuracy,rf_baseline_accuracy,improvement
VLCS,CALTECH,0.6150392817059483,0.6150392817059483,0.0
VLCS,LABELME,0.029904306220095694,0.4659090909090909,-0.4360047846889952
VLCS,PASCAL,0.44381758345086975,0.44381758345086975,0.0
VLCS,SUN,0.38509917755200773,0.38509917755200773,0.0
PACS,PHOTO,0.52734375,0.5771484375,-0.0498046875
PACS,ART_PAINTING,0.22098976109215018,0.36945392491467577,-0.14846416382252559
PACS,CARTOON,0.6179640718562874,0.7550898203592814,-0.13712574850299397
PACS,SKETCH,0.1868159837108679,0.1868159837108679,0.0
